contrast,hypothesis,a,b,metric,seeds,delta_per_seed,mean_delta,std_delta,pooled_seed_std,ci_low,ci_high,n_problems,seed_ranges_overlap,truncation_gap,extraction_failure_gap,answer_line_gap,truncation_a_per_seed,truncation_b_per_seed,spec7_flagged_seeds_a,spec7_flagged_seeds_b,criterion_threshold_2x_pooled_std,criterion_a_magnitude,criterion_b_same_sign_ood,criterion_met
H1_rft,H1,rft_mixed,rft_easy,test_greedy,1 2 3,0.043333333333333335 0.040000000000000036 0.026666666666666727,0.0366666666666667,0.008819171036881943,0.01045271540123711,0.00222222222222222,0.07,300,False,-0.004444444444444445,-0.004444444444444445,-0.008888888888888835,0.02666666666666667 0.016666666666666666 0.016666666666666666,0.023333333333333334 0.03333333333333333 0.016666666666666666,,,0.02090543080247422,True,True,True
H1_rft,H1,rft_mixed,rft_easy,ood_greedy,1 2 3,0.030000000000000027 0.020000000000000018 0.0050000000000000044,0.01833333333333335,0.012583057392117928,0.0088975652100261,-0.02,0.056666666666666664,200,True,0.016666666666666663,0.016666666666666663,0.00666666666666671,0.12 0.11 0.135,0.14 0.095 0.08,,,,,,
H1_rft,H1,rft_mixed,rft_easy,val_greedy,1 2 3,0.0 0.030000000000000027 -0.040000000000000036,-0.003333333333333336,0.03511884584284249,0.021984843263788217,-0.07,0.06333333333333332,100,True,0.01,0.01,-0.023333333333333206,0.01 0.01 0.02,0.0 0.0 0.01,,,,,,
H1_rft,H1,rft_mixed,rft_easy,test_mean8,1 2 3,0.012083333333333335 -0.0025000000000000577 0.015833333333333366,0.008472222222222214,0.00968544631756179,0.007701761462784317,-0.006805555555555553,0.02361111111111111,300,True,0.0005555555555555552,0.0008333333333333331,0.01402777777777775,0.00375 0.005416666666666667 0.004166666666666667,0.006666666666666667 0.0016666666666666668 0.0033333333333333335,,,,,,
H1_rft,H1,rft_mixed,rft_easy,ood_mean8,1 2 3,-0.016249999999999987 -0.0062500000000000056 -0.0025000000000000022,-0.008333333333333331,0.007107800878846649,0.006102424381615339,-0.02291666666666667,0.006666666666666666,200,False,0.006041666666666664,0.006666666666666668,-0.00895833333333329,0.03125 0.034375 0.030625,0.02375 0.029375 0.025,,,,,,
H1_rft,H1,rft_mixed,rft_easy,test_pass8,1 2 3,0.023496585489527932 0.014661194432353919 0.008405512371719492,0.015521097431200448,0.007582196043187559,0.005328580327279816,0.003380730140213468,0.028324916875842605,100,False,0.002291666666666666,0.0032291666666666675,-0.005416666666666625,0.0065625 0.004375 0.0078125,0.00359375 0.00484375 0.0034375,,,,,,
H1_rft,H1,rft_mixed,rft_easy,test_pass64,1 2 3,0.039999999999999925 0.010000000000000009 0.020000000000000018,0.023333333333333317,0.01527525231651942,0.008164965809277233,-0.003333333333333335,0.05333333333333333,100,False,0.002291666666666666,0.0032291666666666675,-0.005416666666666625,0.0065625 0.004375 0.0078125,0.00359375 0.00484375 0.0034375,,,,,,
H1_rft,H1,rft_mixed,rft_easy,gsm8k_greedy,1 2 3,-0.016000000000000014 -0.014000000000000012 0.0,-0.010000000000000009,0.008717797887081356,0.005944184833375675,-0.029333333333333333,0.008666666666666668,500,True,0.0,0.0,-0.009333333333333305,0.0 0.0 0.0,0.0 0.0 0.0,,,,,,
H1_grpo,H1,grpo_mixed,grpo_easy,test_greedy,1 2 3,0.010000000000000009 0.09333333333333338 0.030000000000000027,0.044444444444444474,0.04350393766767089,0.02802115602870776,0.011111111111111108,0.0788888888888889,300,False,0.05666666666666667,0.05666666666666667,-0.03111111111111109,0.06666666666666667 0.10333333333333333 0.09,0.043333333333333335 0.03333333333333333 0.013333333333333334,1 2 3,,0.05604231205741552,False,False,False
H1_grpo,H1,grpo_mixed,grpo_easy,ood_greedy,1 2 3,-0.04999999999999999 -0.010000000000000009 -0.02999999999999997,-0.02999999999999999,0.01999999999999999,0.027080128015453207,-0.07333333333333333,0.011666666666666672,200,True,0.21333333333333337,0.21333333333333337,-0.17833333333333334,0.465 0.545 0.415,0.38 0.21 0.195,,,,,,
H1_grpo,H1,grpo_mixed,grpo_easy,val_greedy,1 2 3,0.040000000000000036 0.09999999999999998 0.030000000000000027,0.05666666666666668,0.03785938897200179,0.03341656275960569,0.003333333333333333,0.11333333333333334,100,False,0.03666666666666667,0.03666666666666667,-0.013333333333333308,0.03 0.09 0.08,0.05 0.03 0.01,2 3,,,,,
H1_grpo,H1,grpo_mixed,grpo_easy,test_mean8,1 2 3,0.05458333333333332 0.09250000000000003 0.060416666666666674,0.06916666666666667,0.020416666666666687,0.019193067565988316,0.04819444444444445,0.09041666666666667,300,False,0.04875,0.04875,-0.019861111111111107,0.05291666666666667 0.08166666666666667 0.06833333333333333,0.025416666666666667 0.011666666666666667 0.019583333333333335,1 2 3,,,,,
H1_grpo,H1,grpo_mixed,grpo_easy,ood_mean8,1 2 3,-0.016249999999999987 -0.028749999999999998 -0.009375000000000022,-0.018125000000000002,0.00982264602843856,0.014454039948517265,-0.044375,0.007916666666666666,200,True,0.23916666666666664,0.23916666666666664,-0.18729166666666686,0.320625 0.483125 0.359375,0.225625 0.10125 0.11875,,,,,,
H1_grpo,H1,grpo_mixed,grpo_easy,test_pass8,1 2 3,0.002930794179942575 0.07204543252167062 0.04694662865113297,0.04064095178424872,0.03498613266480214,0.026971696834762592,0.010042116639498918,0.07363354461927474,100,False,0.04401041666666667,0.04401041666666667,-0.014583333333333282,0.0465625 0.0734375 0.05171875,0.01640625 0.0115625 0.01171875,2 3,,,,,
H1_grpo,H1,grpo_mixed,grpo_easy,test_pass64,1 2 3,-0.020000000000000018 0.030000000000000027 0.010000000000000009,0.006666666666666672,0.025166114784235857,0.013540064007726612,-0.006666666666666666,0.02,100,True,0.04401041666666667,0.04401041666666667,-0.014583333333333282,0.0465625 0.0734375 0.05171875,0.01640625 0.0115625 0.01171875,2 3,,,,,
H1_grpo,H1,grpo_mixed,grpo_easy,gsm8k_greedy,1 2 3,0.0 -0.027999999999999914 0.01200000000000001,-0.005333333333333301,0.020526405757787494,0.011888369666751308,-0.019333333333333334,0.008666666666666668,500,True,0.0,0.0,-0.0033333333333334103,0.002 0.0 0.002,0.004 0.0 0.0,,,,,,
H2_num,H2,rft_curated,rft_mixed,test_greedy,1 2 3,-0.033333333333333326 -0.030000000000000027 -0.01666666666666672,-0.02666666666666669,0.00881917103688194,0.01045271540123711,-0.052222222222222225,0.0,300,False,0.011111111111111106,0.011111111111111106,0.0,0.02666666666666667 0.03333333333333333 0.03333333333333333,0.02666666666666667 0.016666666666666666 0.016666666666666666,,,0.02090543080247422,True,False,False
H2_num,H2,rft_curated,rft_mixed,ood_greedy,1 2 3,0.019999999999999962 0.009999999999999953 0.0050000000000000044,0.01166666666666664,0.007637626158259716,0.015138251770487453,-0.02500000000000001,0.05333333333333333,200,True,0.026666666666666686,0.026666666666666686,0.0050000000000000044,0.14 0.155 0.15,0.12 0.11 0.135,,,,,,
H2_num,H2,rft_curated,rft_mixed,val_greedy,1 2 3,-0.010000000000000009 0.0 0.0,-0.003333333333333336,0.005773502691896263,0.01914854215512678,-0.06,0.05333333333333333,100,True,-0.01,-0.01,0.006666666666666599,0.0 0.01 0.0,0.01 0.01 0.02,,,,,,
H2_num,H2,rft_curated,rft_mixed,test_mean8,1 2 3,-0.036666666666666625 -0.030416666666666647 -0.030000000000000027,-0.0323611111111111,0.0037345360165968486,0.004235541856104691,-0.04638888888888889,-0.017916666666666668,300,False,0.0008333333333333326,0.0013888888888888892,-0.016805555555555518,0.004583333333333333 0.006666666666666667 0.004583333333333333,0.00375 0.005416666666666667 0.004166666666666667,,,,,,
H2_num,H2,rft_curated,rft_mixed,ood_mean8,1 2 3,-0.0006250000000000144 -0.02124999999999999 -0.035,-0.018958333333333337,0.01730170391416213,0.00931578521471307,-0.03333333333333333,-0.004791666666666666,200,False,-0.0010416666666666664,-0.00041666666666666935,-0.027499999999999858,0.03125 0.030625 0.03125,0.03125 0.034375 0.030625,,,,,,
H2_num,H2,rft_curated,rft_mixed,test_pass8,1 2 3,-0.013177038140433028 -0.01868823847568435 -0.02310677251903337,-0.018324016378383583,0.004974876833602114,0.0036495702816257613,-0.030196087379237593,-0.007864780278640961,100,False,-0.0013541666666666667,-0.0008333333333333344,-0.007916666666666683,0.00578125 0.004375 0.00453125,0.0065625 0.004375 0.0078125,,,,,,
H2_num,H2,rft_curated,rft_mixed,test_pass64,1 2 3,-0.020000000000000018 -0.020000000000000018 0.010000000000000009,-0.010000000000000009,0.01732050807568879,0.011547005383792526,-0.030000000000000006,0.006666666666666667,100,True,-0.0013541666666666667,-0.0008333333333333344,-0.007916666666666683,0.00578125 0.004375 0.00453125,0.0065625 0.004375 0.0078125,,,,,,
H2_num,H2,rft_curated,rft_mixed,gsm8k_greedy,1 2 3,0.01200000000000001 0.010000000000000009 -0.0040000000000000036,0.006000000000000005,0.008717797887081356,0.005944184833375675,-0.009333333333333334,0.022,500,True,0.0006666666666666666,0.0006666666666666666,0.021333333333333315,0.0 0.0 0.002,0.0 0.0 0.0,,,,,,
H2_den,H2,grpo_curated,rft_mixed,test_greedy,1 2 3,0.08666666666666667 0.07333333333333336 0.08666666666666667,0.08222222222222224,0.007698003589194996,0.01387777332977422,0.04,0.12555555555555556,300,False,0.05555555555555555,0.05555555555555555,-0.02111111111111119,0.05333333333333334 0.09333333333333334 0.08,0.02666666666666667 0.016666666666666666 0.016666666666666666,1 2 3,,0.02775554665954844,True,True,True
H2_den,H2,grpo_curated,rft_mixed,ood_greedy,1 2 3,0.07999999999999996 0.009999999999999953 0.034999999999999976,0.04166666666666663,0.03547299442298794,0.028795254238618333,-0.011666666666666665,0.09499999999999999,200,False,0.22666666666666668,0.22666666666666668,-0.09666666666666668,0.195 0.45 0.4,0.12 0.11 0.135,,,,,,
H2_den,H2,grpo_curated,rft_mixed,val_greedy,1 2 3,0.09999999999999998 0.10999999999999999 0.14,0.11666666666666665,0.020816659994661344,0.014719601443879758,0.05999999999999999,0.17666666666666664,100,False,0.02333333333333333,0.02333333333333333,0.033333333333333215,0.02 0.04 0.05,0.01 0.01 0.02,,,,,,
H2_den,H2,grpo_curated,rft_mixed,test_mean8,1 2 3,0.2220833333333333 0.2204166666666667 0.2154166666666666,0.21930555555555553,0.0034694433324435905,0.007148394018032082,0.19347222222222224,0.24569444444444447,300,False,0.04499999999999999,0.04472222222222221,0.09652777777777777,0.0175 0.07083333333333333 0.06,0.00375 0.005416666666666667 0.004166666666666667,2 3,,,,,
H2_den,H2,grpo_curated,rft_mixed,ood_mean8,1 2 3,0.14875000000000002 0.08250000000000002 0.10812499999999997,0.11312499999999999,0.03340682003723192,0.01925703334715224,0.07666666666666667,0.14979166666666668,200,False,0.223125,0.2220833333333333,0.005833333333333357,0.129375 0.351875 0.284375,0.03125 0.034375 0.030625,,,,,,
H2_den,H2,grpo_curated,rft_mixed,test_pass8,1 2 3,0.07555378139455016 0.08275508164203771 0.07588156146813008,0.07806347483490599,0.004066354727357488,0.0024255552114640605,0.03325381728641204,0.1245405885995695,100,False,0.03401041666666667,0.03302083333333333,0.1154687499999999,0.0184375 0.05984375 0.0425,0.0065625 0.004375 0.0078125,2,,,,,
H2_den,H2,grpo_curated,rft_mixed,test_pass64,1 2 3,0.0 0.010000000000000009 0.0,0.003333333333333336,0.005773502691896263,0.005773502691896262,-0.026666666666666665,0.03,100,True,0.03401041666666667,0.03302083333333333,0.1154687499999999,0.0184375 0.05984375 0.0425,0.0065625 0.004375 0.0078125,2,,,,,
H2_den,H2,grpo_curated,rft_mixed,gsm8k_greedy,1 2 3,0.02200000000000002 0.014000000000000012 0.02199999999999991,0.019333333333333313,0.004618802153516979,0.009018499505645762,0.000666666666666665,0.038,500,False,0.004666666666666667,0.004666666666666667,0.09333333333333338,0.0 0.01 0.004,0.0 0.0 0.0,,,,,,
H3,H3,grpo_curated,rft_curated,test_greedy,1 2 3,0.12 0.10333333333333339 0.10333333333333339,0.10888888888888892,0.00962250448649373,0.01407651051035548,0.06666666666666665,0.15111111111111108,300,False,0.04444444444444445,0.04444444444444445,-0.02111111111111119,0.05333333333333334 0.09333333333333334 0.08,0.02666666666666667 0.03333333333333333 0.03333333333333333,1 2 3,,0.02815302102071096,True,True,True
H3,H3,grpo_curated,rft_curated,ood_greedy,1 2 3,0.06 0.0 0.02999999999999997,0.02999999999999999,0.03,0.030413812651491096,-0.02500000000000001,0.08504166666666607,200,True,0.19999999999999998,0.19999999999999998,-0.10166666666666668,0.195 0.45 0.4,0.14 0.155 0.15,,,,,,
H3,H3,grpo_curated,rft_curated,val_greedy,1 2 3,0.10999999999999999 0.10999999999999999 0.14,0.12,0.01732050807568879,0.012247448713915901,0.06,0.18,100,False,0.03333333333333333,0.03333333333333333,0.026666666666666616,0.02 0.04 0.05,0.0 0.01 0.0,,,,,,
H3,H3,grpo_curated,rft_curated,test_mean8,1 2 3,0.2587499999999999 0.25083333333333335 0.24541666666666662,0.25166666666666665,0.0067056153914295995,0.006085806194501838,0.22513888888888892,0.2784722222222222,300,False,0.04416666666666666,0.04333333333333333,0.11333333333333329,0.0175 0.07083333333333333 0.06,0.004583333333333333 0.006666666666666667 0.004583333333333333,2 3,,,,,
H3,H3,grpo_curated,rft_curated,ood_mean8,1 2 3,0.14937500000000004 0.10375000000000001 0.14312499999999997,0.13208333333333333,0.024735580816575408,0.01971641395301556,0.09854166666666667,0.16583333333333336,200,False,0.22416666666666665,0.22249999999999998,0.033333333333333215,0.129375 0.351875 0.284375,0.03125 0.030625 0.03125,,,,,,
H3,H3,grpo_curated,rft_curated,test_pass8,1 2 3,0.08873081953498319 0.10144332011772206 0.09898833398716345,0.09638749121328956,0.006743530612175127,0.004324066410175874,0.04930605496845579,0.14720139258147572,100,False,0.03536458333333333,0.033854166666666664,0.12338541666666658,0.0184375 0.05984375 0.0425,0.00578125 0.004375 0.00453125,2,,,,,
H3,H3,grpo_curated,rft_curated,test_pass64,1 2 3,0.020000000000000018 0.030000000000000027 -0.010000000000000009,0.013333333333333345,0.020816659994661344,0.011547005383792526,-0.01666666666666667,0.04333333333333334,100,True,0.03536458333333333,0.033854166666666664,0.12338541666666658,0.0184375 0.05984375 0.0425,0.00578125 0.004375 0.00453125,2,,,,,
H3,H3,grpo_curated,rft_curated,gsm8k_greedy,1 2 3,0.010000000000000009 0.0040000000000000036 0.025999999999999912,0.013333333333333308,0.011372481406154602,0.007164728420068188,-0.005333333333333336,0.03266666666666666,500,False,0.004,0.004,0.07200000000000006,0.0 0.01 0.004,0.0 0.0 0.002,,,,,,
C1,controls,c1_random_reward,base,test_greedy,1,-0.19666666666666666,-0.19666666666666666,0.0,nan,-0.25333333333333335,-0.14333333333333334,300,False,0.003333333333333334,0.003333333333333334,0.0033333333333334103,0.04666666666666667,0.043333333333333335,,,nan,,True,
C1,controls,c1_random_reward,base,ood_greedy,1,-0.03,-0.03,0.0,nan,-0.09,0.03,200,False,-0.05500000000000001,-0.05500000000000001,0.18500000000000005,0.075,0.13,,,,,,
C1,controls,c1_random_reward,base,val_greedy,1,-0.15999999999999998,-0.15999999999999998,0.0,nan,-0.25,-0.07,100,False,0.019999999999999997,0.019999999999999997,0.020000000000000018,0.03,0.01,,,,,,
C1,controls,c1_random_reward,base,test_mean8,1,-0.08916666666666667,-0.08916666666666667,0.0,nan,-0.1125,-0.06583333333333333,300,False,-0.0008333333333333335,-0.0033333333333333335,0.05291666666666661,0.0025,0.0033333333333333335,,,,,,
C1,controls,c1_random_reward,base,ood_mean8,1,-0.03312499999999999,-0.03312499999999999,0.0,nan,-0.05375,-0.013125,200,False,-0.0175,-0.019375000000000003,0.05687500000000001,0.01375,0.03125,,,,,,
C1,controls,c1_random_reward,base,test_pass8,1,-0.05635135941219982,-0.05635135941219982,0.0,nan,-0.08789417175380829,-0.02486970218924275,100,False,-0.0029687499999999996,-0.0073437500000000005,0.03140624999999997,0.0025,0.00546875,,,,,,
C1,controls,c1_random_reward,base,test_pass64,1,-0.06999999999999995,-0.06999999999999995,0.0,nan,-0.13,-0.02,100,False,-0.0029687499999999996,-0.0073437500000000005,0.03140624999999997,0.0025,0.00546875,,,,,,
C1,controls,c1_random_reward,base,gsm8k_greedy,1,-0.030000000000000027,-0.030000000000000027,0.0,nan,-0.058,-0.004,500,False,0.004,0.004,-0.09599999999999997,0.004,0.0,,,,,,
C2,controls,c2_format_only,base,test_greedy,1,-0.036666666666666625,-0.036666666666666625,0.0,nan,-0.08333333333333333,0.01,300,False,-0.03333333333333333,-0.03333333333333333,0.050000000000000044,0.01,0.043333333333333335,,,nan,,False,
C2,controls,c2_format_only,base,ood_greedy,1,0.020000000000000018,0.020000000000000018,0.0,nan,-0.045,0.085,200,False,-0.02500000000000001,-0.02500000000000001,0.16500000000000004,0.105,0.13,,,,,,
C2,controls,c2_format_only,base,val_greedy,1,0.020000000000000018,0.020000000000000018,0.0,nan,-0.06,0.11,100,False,0.0,0.0,0.040000000000000036,0.01,0.01,,,,,,
C2,controls,c2_format_only,base,test_mean8,1,0.17791666666666667,0.17791666666666667,0.0,nan,0.1525,0.20416666666666666,300,False,-0.0012500000000000002,-0.0041666666666666675,0.22333333333333327,0.0020833333333333333,0.0033333333333333335,,,,,,
C2,controls,c2_format_only,base,ood_mean8,1,0.09125000000000003,0.09125000000000003,0.0,nan,0.065,0.118125,200,False,-0.010624999999999999,-0.013125000000000001,0.354375,0.020625,0.03125,,,,,,
C2,controls,c2_format_only,base,test_pass8,1,0.024259556553468564,0.024259556553468564,0.0,nan,0.0005674017426928592,0.04923413035897667,100,False,-0.0026562499999999998,-0.007500000000000001,0.22343749999999996,0.0028125,0.00546875,,,,,,
C2,controls,c2_format_only,base,test_pass64,1,-0.040000000000000036,-0.040000000000000036,0.0,nan,-0.08,-0.01,100,False,-0.0026562499999999998,-0.007500000000000001,0.22343749999999996,0.0028125,0.00546875,,,,,,
C2,controls,c2_format_only,base,gsm8k_greedy,1,0.052000000000000046,0.052000000000000046,0.0,nan,0.028,0.078,500,False,0.0,0.0,0.10399999999999998,0.0,0.0,,,,,,
aux_grpo_curation,aux,grpo_curated,grpo_mixed,test_greedy,1 2 3,0.00666666666666671 -0.033333333333333326 -0.0033333333333332993,-0.009999999999999972,0.020816659994661344,0.01239772978023411,-0.03666666666666667,0.016666666666666663,300,True,-0.011111111111111113,-0.011111111111111113,0.04888888888888876,0.05333333333333334 0.09333333333333334 0.08,0.06666666666666667 0.10333333333333333 0.09,1 2 3,1 2 3,0.02479545956046822,False,False,False
aux_grpo_curation,aux,grpo_curated,grpo_mixed,ood_greedy,1 2 3,0.065 -0.0050000000000000044 -0.040000000000000036,0.006666666666666654,0.05346338310781815,0.03208062759153361,-0.02666666666666667,0.04,200,True,-0.1266666666666667,-0.1266666666666667,0.1299999999999999,0.195 0.45 0.4,0.465 0.545 0.415,,,,,,
aux_grpo_curation,aux,grpo_curated,grpo_mixed,val_greedy,1 2 3,0.0 0.020000000000000018 0.010000000000000009,0.010000000000000009,0.010000000000000009,0.007071067811865481,-0.04000000000000001,0.05999999999999999,100,True,-0.03,-0.03,0.06999999999999984,0.02 0.04 0.05,0.03 0.09 0.08,,2 3,,,,
aux_grpo_curation,aux,grpo_curated,grpo_mixed,test_mean8,1 2 3,-0.005833333333333357 -0.004166666666666652 -0.012083333333333335,-0.007361111111111114,0.004173605333699091,0.007692363336693316,-0.019861111111111114,0.004999999999999997,300,True,-0.01819444444444445,-0.01819444444444445,0.04777777777777781,0.0175 0.07083333333333333 0.06,0.05291666666666667 0.08166666666666667 0.06833333333333333,2 3,1 2 3,,,,
aux_grpo_curation,aux,grpo_curated,grpo_mixed,ood_mean8,1 2 3,0.055625000000000036 0.03125 0.021874999999999978,0.036250000000000004,0.01742169983095797,0.022498553194224138,0.017916666666666668,0.05479166666666667,200,True,-0.1325,-0.1325,0.14041666666666675,0.129375 0.351875 0.284375,0.320625 0.483125 0.359375,,,,,,
aux_grpo_curation,aux,grpo_curated,grpo_mixed,test_pass8,1 2 3,0.01933184067604443 0.023410570221604865 -0.007577997137769854,0.011721471253293148,0.016837788418010452,0.010985818479307847,0.002588223816505648,0.021493299842971443,100,True,-0.01697916666666667,-0.01697916666666667,0.044479166666666625,0.0184375 0.05984375 0.0425,0.0465625 0.0734375 0.05171875,2,2 3,,,,
aux_grpo_curation,aux,grpo_curated,grpo_mixed,test_pass64,1 2 3,0.020000000000000018 0.0 -0.010000000000000009,0.003333333333333336,0.015275252316519479,0.009128709291752777,-0.006666666666666667,0.013333333333333334,100,True,-0.01697916666666667,-0.01697916666666667,0.044479166666666625,0.0184375 0.05984375 0.0425,0.0465625 0.0734375 0.05171875,2,2 3,,,,
aux_grpo_curation,aux,grpo_curated,grpo_mixed,gsm8k_greedy,1 2 3,-0.006000000000000005 0.0 0.009999999999999898,0.0013333333333332975,0.008082903768654708,0.0077028133388608614,-0.011333333333333334,0.013333333333333336,500,True,0.003333333333333334,0.003333333333333334,0.04600000000000015,0.0 0.01 0.004,0.002 0.0 0.002,,,,,,
