who,seed,split,decoding,n_problems,truncation_rate,extraction_failure_rate,spec7_flag
base,1,val_mixed_100,greedy,100,0.01,0.01,False
base,1,test_300,greedy,300,0.043333333333333335,0.043333333333333335,False
base,1,ood_hard_200,greedy,200,0.13,0.13,False
base,1,test_300,mean_at_k,300,0.0033333333333333335,0.00625,False
base,1,ood_hard_200,mean_at_k,200,0.03125,0.03375,False
base,1,test_300,pass_at_k,100,0.00546875,0.0103125,False
base,1,gsm8k_500,greedy,500,0.0,0.0,False
Qwen__Qwen3-4B,1,val_mixed_100,greedy,100,0.03,0.03,False
Qwen__Qwen3-4B,1,test_300,greedy,300,0.04,0.04,False
Qwen__Qwen3-4B,1,ood_hard_200,greedy,200,0.225,0.225,False
Qwen__Qwen3-4B,1,test_300,mean_at_k,300,0.00125,0.00125,False
Qwen__Qwen3-4B,1,ood_hard_200,mean_at_k,200,0.0425,0.0425,False
Qwen__Qwen3-4B,1,test_300,pass_at_k,100,0.00125,0.00125,False
Qwen__Qwen2.5-7B-Instruct,1,val_mixed_100,greedy,100,0.03,0.03,False
Qwen__Qwen2.5-7B-Instruct,1,test_300,greedy,300,0.023333333333333334,0.023333333333333334,False
Qwen__Qwen2.5-7B-Instruct,1,ood_hard_200,greedy,200,0.19,0.19,False
Qwen__Qwen2.5-7B-Instruct,1,test_300,mean_at_k,300,0.0020833333333333333,0.0020833333333333333,False
Qwen__Qwen2.5-7B-Instruct,1,ood_hard_200,mean_at_k,200,0.02875,0.02875,False
Qwen__Qwen2.5-7B-Instruct,1,test_300,pass_at_k,100,0.0021875,0.0021875,False
meta-llama__Llama-3.1-8B-Instruct,1,val_mixed_100,greedy,100,0.08,0.08,True
meta-llama__Llama-3.1-8B-Instruct,1,test_300,greedy,300,0.11333333333333333,0.11333333333333333,True
meta-llama__Llama-3.1-8B-Instruct,1,ood_hard_200,greedy,200,0.475,0.475,False
meta-llama__Llama-3.1-8B-Instruct,1,test_300,mean_at_k,300,0.15208333333333332,0.15208333333333332,True
meta-llama__Llama-3.1-8B-Instruct,1,ood_hard_200,mean_at_k,200,0.3875,0.3875,False
meta-llama__Llama-3.1-8B-Instruct,1,test_300,pass_at_k,100,0.1475,0.1475,True
rft_easy/seed1,1,val_mixed_100,greedy,100,0.0,0.0,False
rft_easy/seed1,1,test_300,greedy,300,0.023333333333333334,0.023333333333333334,False
rft_easy/seed1,1,ood_hard_200,greedy,200,0.14,0.14,False
rft_easy/seed1,1,test_300,mean_at_k,300,0.006666666666666667,0.006666666666666667,False
rft_easy/seed1,1,ood_hard_200,mean_at_k,200,0.02375,0.024375,False
rft_easy/seed1,1,test_300,pass_at_k,100,0.00359375,0.00375,False
rft_easy/seed1,1,gsm8k_500,greedy,500,0.0,0.0,False
rft_easy/seed1,1,gsm8k_500,mean_at_k,500,0.00075,0.00075,False
rft_easy/seed2,2,val_mixed_100,greedy,100,0.0,0.0,False
rft_easy/seed2,2,test_300,greedy,300,0.03333333333333333,0.03333333333333333,False
rft_easy/seed2,2,ood_hard_200,greedy,200,0.095,0.095,False
rft_easy/seed2,2,test_300,mean_at_k,300,0.0016666666666666668,0.0016666666666666668,False
rft_easy/seed2,2,ood_hard_200,mean_at_k,200,0.029375,0.03,False
rft_easy/seed2,2,test_300,pass_at_k,100,0.00484375,0.00484375,False
rft_easy/seed2,2,gsm8k_500,greedy,500,0.0,0.0,False
rft_easy/seed2,2,gsm8k_500,mean_at_k,500,0.00075,0.00075,False
rft_easy/seed3,3,val_mixed_100,greedy,100,0.01,0.01,False
rft_easy/seed3,3,test_300,greedy,300,0.016666666666666666,0.016666666666666666,False
rft_easy/seed3,3,ood_hard_200,greedy,200,0.08,0.08,False
rft_easy/seed3,3,test_300,mean_at_k,300,0.0033333333333333335,0.0033333333333333335,False
rft_easy/seed3,3,ood_hard_200,mean_at_k,200,0.025,0.025,False
rft_easy/seed3,3,test_300,pass_at_k,100,0.0034375,0.0034375,False
rft_easy/seed3,3,gsm8k_500,greedy,500,0.0,0.0,False
rft_easy/seed3,3,gsm8k_500,mean_at_k,500,0.0005,0.0005,False
rft_mixed/seed1,1,val_mixed_100,greedy,100,0.01,0.01,False
rft_mixed/seed1,1,test_300,greedy,300,0.02666666666666667,0.02666666666666667,False
rft_mixed/seed1,1,ood_hard_200,greedy,200,0.12,0.12,False
rft_mixed/seed1,1,test_300,mean_at_k,300,0.00375,0.004166666666666667,False
rft_mixed/seed1,1,ood_hard_200,mean_at_k,200,0.03125,0.031875,False
rft_mixed/seed1,1,test_300,pass_at_k,100,0.0065625,0.00765625,False
rft_mixed/seed1,1,gsm8k_500,greedy,500,0.0,0.0,False
rft_mixed/seed1,1,gsm8k_500,mean_at_k,500,0.00025,0.0005,False
rft_mixed/seed2,2,val_mixed_100,greedy,100,0.01,0.01,False
rft_mixed/seed2,2,test_300,greedy,300,0.016666666666666666,0.016666666666666666,False
rft_mixed/seed2,2,ood_hard_200,greedy,200,0.11,0.11,False
rft_mixed/seed2,2,test_300,mean_at_k,300,0.005416666666666667,0.005416666666666667,False
rft_mixed/seed2,2,ood_hard_200,mean_at_k,200,0.034375,0.035,False
rft_mixed/seed2,2,test_300,pass_at_k,100,0.004375,0.00515625,False
rft_mixed/seed2,2,gsm8k_500,greedy,500,0.0,0.0,False
rft_mixed/seed2,2,gsm8k_500,mean_at_k,500,0.00075,0.00125,False
rft_mixed/seed3,3,val_mixed_100,greedy,100,0.02,0.02,False
rft_mixed/seed3,3,test_300,greedy,300,0.016666666666666666,0.016666666666666666,False
rft_mixed/seed3,3,ood_hard_200,greedy,200,0.135,0.135,False
rft_mixed/seed3,3,test_300,mean_at_k,300,0.004166666666666667,0.004583333333333333,False
rft_mixed/seed3,3,ood_hard_200,mean_at_k,200,0.030625,0.0325,False
rft_mixed/seed3,3,test_300,pass_at_k,100,0.0078125,0.00890625,False
rft_mixed/seed3,3,gsm8k_500,greedy,500,0.0,0.0,False
rft_mixed/seed3,3,gsm8k_500,mean_at_k,500,0.00075,0.0015,False
rft_curated/seed1,1,val_mixed_100,greedy,100,0.0,0.0,False
rft_curated/seed1,1,test_300,greedy,300,0.02666666666666667,0.02666666666666667,False
rft_curated/seed1,1,ood_hard_200,greedy,200,0.14,0.14,False
rft_curated/seed1,1,test_300,mean_at_k,300,0.004583333333333333,0.005833333333333334,False
rft_curated/seed1,1,ood_hard_200,mean_at_k,200,0.03125,0.033125,False
rft_curated/seed1,1,test_300,pass_at_k,100,0.00578125,0.00765625,False
rft_curated/seed1,1,gsm8k_500,greedy,500,0.0,0.0,False
rft_curated/seed1,1,gsm8k_500,mean_at_k,500,0.0005,0.0015,False
rft_curated/seed2,2,val_mixed_100,greedy,100,0.01,0.01,False
rft_curated/seed2,2,test_300,greedy,300,0.03333333333333333,0.03333333333333333,False
rft_curated/seed2,2,ood_hard_200,greedy,200,0.155,0.155,False
rft_curated/seed2,2,test_300,mean_at_k,300,0.006666666666666667,0.007083333333333333,False
rft_curated/seed2,2,ood_hard_200,mean_at_k,200,0.030625,0.031875,False
rft_curated/seed2,2,test_300,pass_at_k,100,0.004375,0.00546875,False
rft_curated/seed2,2,gsm8k_500,greedy,500,0.0,0.0,False
rft_curated/seed2,2,gsm8k_500,mean_at_k,500,0.001,0.00175,False
rft_curated/seed3,3,val_mixed_100,greedy,100,0.0,0.0,False
rft_curated/seed3,3,test_300,greedy,300,0.03333333333333333,0.03333333333333333,False
rft_curated/seed3,3,ood_hard_200,greedy,200,0.15,0.15,False
rft_curated/seed3,3,test_300,mean_at_k,300,0.004583333333333333,0.005416666666666667,False
rft_curated/seed3,3,ood_hard_200,mean_at_k,200,0.03125,0.033125,False
rft_curated/seed3,3,test_300,pass_at_k,100,0.00453125,0.00609375,False
rft_curated/seed3,3,gsm8k_500,greedy,500,0.002,0.002,False
rft_curated/seed3,3,gsm8k_500,mean_at_k,500,0.00075,0.00175,False
grpo_easy/seed1,1,val_mixed_100,greedy,100,0.05,0.05,False
grpo_easy/seed1,1,test_300,greedy,300,0.043333333333333335,0.043333333333333335,False
grpo_easy/seed1,1,ood_hard_200,greedy,200,0.38,0.38,False
grpo_easy/seed1,1,test_300,mean_at_k,300,0.025416666666666667,0.025416666666666667,False
grpo_easy/seed1,1,ood_hard_200,mean_at_k,200,0.225625,0.225625,False
grpo_easy/seed1,1,test_300,pass_at_k,100,0.01640625,0.01640625,False
grpo_easy/seed1,1,gsm8k_500,greedy,500,0.004,0.004,False
grpo_easy/seed1,1,gsm8k_500,mean_at_k,500,0.00075,0.00075,False
grpo_easy/seed2,2,val_mixed_100,greedy,100,0.03,0.03,False
grpo_easy/seed2,2,test_300,greedy,300,0.03333333333333333,0.03333333333333333,False
grpo_easy/seed2,2,ood_hard_200,greedy,200,0.21,0.21,False
grpo_easy/seed2,2,test_300,mean_at_k,300,0.011666666666666667,0.011666666666666667,False
grpo_easy/seed2,2,ood_hard_200,mean_at_k,200,0.10125,0.10125,False
grpo_easy/seed2,2,test_300,pass_at_k,100,0.0115625,0.0115625,False
grpo_easy/seed2,2,gsm8k_500,greedy,500,0.0,0.0,False
grpo_easy/seed2,2,gsm8k_500,mean_at_k,500,0.001,0.001,False
grpo_easy/seed3,3,val_mixed_100,greedy,100,0.01,0.01,False
grpo_easy/seed3,3,test_300,greedy,300,0.013333333333333334,0.013333333333333334,False
grpo_easy/seed3,3,ood_hard_200,greedy,200,0.195,0.195,False
grpo_easy/seed3,3,test_300,mean_at_k,300,0.019583333333333335,0.019583333333333335,False
grpo_easy/seed3,3,ood_hard_200,mean_at_k,200,0.11875,0.11875,False
grpo_easy/seed3,3,test_300,pass_at_k,100,0.01171875,0.01171875,False
grpo_easy/seed3,3,gsm8k_500,greedy,500,0.0,0.0,False
grpo_easy/seed3,3,gsm8k_500,mean_at_k,500,0.0,0.0,False
grpo_mixed/seed1,1,val_mixed_100,greedy,100,0.03,0.03,False
grpo_mixed/seed1,1,test_300,greedy,300,0.06666666666666667,0.06666666666666667,True
grpo_mixed/seed1,1,ood_hard_200,greedy,200,0.465,0.465,False
grpo_mixed/seed1,1,test_300,mean_at_k,300,0.05291666666666667,0.05291666666666667,True
grpo_mixed/seed1,1,ood_hard_200,mean_at_k,200,0.320625,0.320625,False
grpo_mixed/seed1,1,test_300,pass_at_k,100,0.0465625,0.0465625,False
grpo_mixed/seed1,1,gsm8k_500,greedy,500,0.002,0.002,False
grpo_mixed/seed1,1,gsm8k_500,mean_at_k,500,0.001,0.001,False
grpo_mixed/seed2,2,val_mixed_100,greedy,100,0.09,0.09,True
grpo_mixed/seed2,2,test_300,greedy,300,0.10333333333333333,0.10333333333333333,True
grpo_mixed/seed2,2,ood_hard_200,greedy,200,0.545,0.545,False
grpo_mixed/seed2,2,test_300,mean_at_k,300,0.08166666666666667,0.08166666666666667,True
grpo_mixed/seed2,2,ood_hard_200,mean_at_k,200,0.483125,0.483125,False
grpo_mixed/seed2,2,test_300,pass_at_k,100,0.0734375,0.0734375,True
grpo_mixed/seed2,2,gsm8k_500,greedy,500,0.0,0.0,False
grpo_mixed/seed2,2,gsm8k_500,mean_at_k,500,0.001,0.001,False
grpo_mixed/seed3,3,val_mixed_100,greedy,100,0.08,0.08,True
grpo_mixed/seed3,3,test_300,greedy,300,0.09,0.09,True
grpo_mixed/seed3,3,ood_hard_200,greedy,200,0.415,0.415,False
grpo_mixed/seed3,3,test_300,mean_at_k,300,0.06833333333333333,0.06833333333333333,True
grpo_mixed/seed3,3,ood_hard_200,mean_at_k,200,0.359375,0.359375,False
grpo_mixed/seed3,3,test_300,pass_at_k,100,0.05171875,0.05171875,True
grpo_mixed/seed3,3,gsm8k_500,greedy,500,0.002,0.002,False
grpo_mixed/seed3,3,gsm8k_500,mean_at_k,500,0.0005,0.0005,False
grpo_curated/seed1,1,val_mixed_100,greedy,100,0.02,0.02,False
grpo_curated/seed1,1,test_300,greedy,300,0.05333333333333334,0.05333333333333334,True
grpo_curated/seed1,1,ood_hard_200,greedy,200,0.195,0.195,False
grpo_curated/seed1,1,test_300,mean_at_k,300,0.0175,0.0175,False
grpo_curated/seed1,1,ood_hard_200,mean_at_k,200,0.129375,0.129375,False
grpo_curated/seed1,1,test_300,pass_at_k,100,0.0184375,0.0184375,False
grpo_curated/seed1,1,gsm8k_500,greedy,500,0.0,0.0,False
grpo_curated/seed1,1,gsm8k_500,mean_at_k,500,0.0005,0.0005,False
grpo_curated/seed2,2,val_mixed_100,greedy,100,0.04,0.04,False
grpo_curated/seed2,2,test_300,greedy,300,0.09333333333333334,0.09333333333333334,True
grpo_curated/seed2,2,ood_hard_200,greedy,200,0.45,0.45,False
grpo_curated/seed2,2,test_300,mean_at_k,300,0.07083333333333333,0.07083333333333333,True
grpo_curated/seed2,2,ood_hard_200,mean_at_k,200,0.351875,0.351875,False
grpo_curated/seed2,2,test_300,pass_at_k,100,0.05984375,0.05984375,True
grpo_curated/seed2,2,gsm8k_500,greedy,500,0.01,0.01,False
grpo_curated/seed2,2,gsm8k_500,mean_at_k,500,0.00175,0.00175,False
grpo_curated/seed3,3,val_mixed_100,greedy,100,0.05,0.05,False
grpo_curated/seed3,3,test_300,greedy,300,0.08,0.08,True
grpo_curated/seed3,3,ood_hard_200,greedy,200,0.4,0.4,False
grpo_curated/seed3,3,test_300,mean_at_k,300,0.06,0.06,True
grpo_curated/seed3,3,ood_hard_200,mean_at_k,200,0.284375,0.284375,False
grpo_curated/seed3,3,test_300,pass_at_k,100,0.0425,0.0425,False
grpo_curated/seed3,3,gsm8k_500,greedy,500,0.004,0.004,False
grpo_curated/seed3,3,gsm8k_500,mean_at_k,500,0.00225,0.00225,False
c1_random_reward/seed1,1,val_mixed_100,greedy,100,0.03,0.03,False
c1_random_reward/seed1,1,test_300,greedy,300,0.04666666666666667,0.04666666666666667,False
c1_random_reward/seed1,1,ood_hard_200,greedy,200,0.075,0.075,False
c1_random_reward/seed1,1,test_300,mean_at_k,300,0.0025,0.002916666666666667,False
c1_random_reward/seed1,1,ood_hard_200,mean_at_k,200,0.01375,0.014375,False
c1_random_reward/seed1,1,test_300,pass_at_k,100,0.0025,0.00296875,False
c1_random_reward/seed1,1,gsm8k_500,greedy,500,0.004,0.004,False
c1_random_reward/seed1,1,gsm8k_500,mean_at_k,500,0.00025,0.00025,False
c2_format_only/seed1,1,val_mixed_100,greedy,100,0.01,0.01,False
c2_format_only/seed1,1,test_300,greedy,300,0.01,0.01,False
c2_format_only/seed1,1,ood_hard_200,greedy,200,0.105,0.105,False
c2_format_only/seed1,1,test_300,mean_at_k,300,0.0020833333333333333,0.0020833333333333333,False
c2_format_only/seed1,1,ood_hard_200,mean_at_k,200,0.020625,0.020625,False
c2_format_only/seed1,1,test_300,pass_at_k,100,0.0028125,0.0028125,False
c2_format_only/seed1,1,gsm8k_500,greedy,500,0.0,0.0,False
c2_format_only/seed1,1,gsm8k_500,mean_at_k,500,0.0,0.0,False
