model,who,seed,split,n_problems,locked_cap,exploratory_cap,primary_accuracy,primary_truncation,accuracy,truncation,mean_tokens,n_cut_primary,cut_now_right,cut_still_cut,n_uncut,uncut_same_text,uncut_right_to_wrong,uncut_wrong_to_right,same_host,hosts,config_hash,adapter_checked,ci_low,ci_high,exploratory
base,base,1,test_300,300,4352,8704,0.6733333333333333,0.043333333333333335,0.6766666666666666,0.05,1131.17,13,2,9,287,92,11,10,False,209-20-158-93 → 209-20-159-151,f2952b57c22f,,0.6233333333333333,0.7266666666666667,True
base,base,1,ood_hard_200,200,4352,8704,0.25,0.13,0.23,0.115,2029.675,26,2,14,174,36,13,7,False,209-20-158-93 → 209-20-159-151,63986b01e550,,0.175,0.29,True
rft_curated_s1,rft_curated/seed1,1,test_300,300,4352,8704,0.6733333333333333,0.02666666666666667,0.6566666666666666,0.023333333333333334,964.9166666666666,8,2,4,292,75,18,11,False,209-20-157-175 → 209-20-159-151,bf38492e8997,True,0.6,0.71,True
rft_curated_s1,rft_curated/seed1,1,ood_hard_200,200,4352,8704,0.3,0.14,0.28,0.065,1753.13,28,6,9,172,39,15,5,False,209-20-157-175 → 209-20-159-151,36054b951978,True,0.22,0.345,True
rft_curated_s2,rft_curated/seed2,2,test_300,300,4352,8704,0.6566666666666666,0.03333333333333333,0.69,0.013333333333333334,908.36,10,5,2,290,89,8,13,False,209-20-157-175 → 209-20-159-151,9fd36e60cfb5,True,0.6366666666666667,0.7433333333333333,True
rft_curated_s2,rft_curated/seed2,2,ood_hard_200,200,4352,8704,0.29,0.155,0.295,0.085,1876.76,31,8,13,169,37,11,4,False,209-20-157-175 → 209-20-159-151,23f83e7299c5,True,0.235,0.36,True
rft_curated_s3,rft_curated/seed3,3,test_300,300,4352,8704,0.6766666666666666,0.03333333333333333,0.6633333333333333,0.03,983.86,10,2,6,290,90,13,7,False,209-20-157-175 → 209-20-159-151,ea5c6d9adf15,True,0.61,0.7166666666666667,True
rft_curated_s3,rft_curated/seed3,3,ood_hard_200,200,4352,8704,0.265,0.15,0.295,0.095,1902.635,30,4,12,170,33,9,11,False,209-20-157-175 → 209-20-159-151,9ad74c9bffda,True,0.235,0.36,True
grpo_curated_s1,grpo_curated/seed1,1,test_300,300,4352,8704,0.7933333333333333,0.05333333333333334,0.8233333333333334,0.023333333333333334,1548.3366666666666,16,7,4,284,81,8,10,False,209-20-159-250 → 209-20-159-151,7a033f9dd82a,True,0.78,0.8666666666666667,True
grpo_curated_s1,grpo_curated/seed1,1,ood_hard_200,200,4352,8704,0.36,0.195,0.405,0.11,2716.415,39,11,13,161,13,11,9,False,209-20-159-250 → 209-20-159-151,31c9f4a1ff34,True,0.335,0.475,True
grpo_curated_s2,grpo_curated/seed2,2,test_300,300,4352,8704,0.76,0.09333333333333334,0.8333333333333334,0.023333333333333334,1957.03,28,15,7,272,34,11,18,False,209-20-159-250 → 209-20-159-151,6cef5e2a88e3,True,0.79,0.8733333333333333,True
grpo_curated_s2,grpo_curated/seed2,2,ood_hard_200,200,4352,8704,0.29,0.45,0.395,0.31,4671.155,90,21,47,110,5,9,9,False,209-20-159-250 → 209-20-159-151,dc276740a25b,True,0.33,0.465,True
grpo_curated_s3,grpo_curated/seed3,3,test_300,300,4352,8704,0.78,0.08,0.8033333333333333,0.06,1859.2133333333334,24,8,12,276,84,14,13,False,209-20-159-250 → 209-20-159-151,940e9f6303db,True,0.7566666666666667,0.8466666666666667,True
grpo_curated_s3,grpo_curated/seed3,3,ood_hard_200,200,4352,8704,0.295,0.4,0.415,0.23,4416.83,80,24,38,120,16,6,6,False,209-20-159-250 → 209-20-159-151,3fe99e372266,True,0.345,0.485,True
iter_rft_curated_s1,iter_rft_curated/seed1,1,test_300,300,4352,8704,0.6966666666666667,0.013333333333333334,0.6966666666666667,0.013333333333333334,877.4766666666667,4,0,4,296,296,0,0,True,209-20-159-151 → 209-20-159-151,e0a56e0319c7,True,0.6433333333333333,0.7466666666666667,True
iter_rft_curated_s1,iter_rft_curated/seed1,1,ood_hard_200,200,4352,8704,0.28,0.145,0.29,0.12,2057.9,29,2,24,171,171,0,0,True,209-20-159-151 → 209-20-159-151,f75fb2082f60,True,0.23,0.355,True
iter_rft_curated_s2,iter_rft_curated/seed2,2,test_300,300,4352,8704,0.7,0.016666666666666666,0.7,0.013333333333333334,895.3466666666667,5,0,4,295,295,0,0,True,209-20-159-151 → 209-20-159-151,25067088e0e3,True,0.6466666666666666,0.75,True
iter_rft_curated_s2,iter_rft_curated/seed2,2,ood_hard_200,200,4352,8704,0.27,0.16,0.28,0.13,2257.385,32,2,26,168,168,0,0,True,209-20-159-151 → 209-20-159-151,fa19dad4d737,True,0.22,0.345,True
iter_rft_curated_s3,iter_rft_curated/seed3,3,test_300,300,4352,8704,0.7066666666666667,0.016666666666666666,0.7066666666666667,0.013333333333333334,848.7166666666667,5,0,4,295,295,0,0,True,209-20-159-151 → 209-20-159-151,ab425d4906a3,True,0.6533333333333333,0.7566666666666667,True
iter_rft_curated_s3,iter_rft_curated/seed3,3,ood_hard_200,200,4352,8704,0.315,0.145,0.325,0.1,2063.485,29,2,20,171,171,0,0,True,209-20-159-151 → 209-20-159-151,5f8512fc1ea0,True,0.26,0.39,True
