contrast,a,b,split,scenario,n_problems,seeds,a_per_seed,b_per_seed,delta_per_seed,mean_delta,ci_low,ci_high,two_pooled_seed_std,abs_delta_above_it
H1_rft,rft_mixed,rft_easy,test_300,observed: every truncated completion wrong (the primary tables),300,1/2/3,0.7066666666666667/0.6866666666666666/0.6933333333333334,0.6633333333333333/0.6466666666666666/0.6666666666666666,0.043333333333333335/0.040000000000000036/0.026666666666666727,0.0366666666666667,0.00222222222222222,0.07,0.02090543080247422,True
H1_rft,rft_mixed,rft_easy,test_300,"lower bound of Δ: B's truncated completions all right, A's all wrong",300,1/2/3,0.7066666666666667/0.6866666666666666/0.6933333333333334,0.6866666666666666/0.68/0.6833333333333333,0.020000000000000018/0.006666666666666599/0.010000000000000009,0.012222222222222209,-0.02444444444444444,0.046666666666666676,0.015153535218873165,False
H1_rft,rft_mixed,rft_easy,test_300,"upper bound of Δ: A's truncated completions all right, B's all wrong",300,1/2/3,0.7333333333333333/0.7033333333333334/0.71,0.6633333333333333/0.6466666666666666/0.6666666666666666,0.06999999999999995/0.056666666666666754/0.043333333333333335,0.05666666666666668,0.022222222222222223,0.0911111111111111,0.026943012562182508,True
H1_rft,rft_mixed,rft_easy,test_300,both arms' truncated completions all right,300,1/2/3,0.7333333333333333/0.7033333333333334/0.71,0.6866666666666666/0.68/0.6833333333333333,0.046666666666666634/0.023333333333333317/0.026666666666666616,0.03222222222222219,-0.0033333333333333335,0.06666666666666667,0.022771001702132383,True
H1_rft,rft_mixed,rft_easy,ood_hard_200,observed: every truncated completion wrong (the primary tables),200,1/2/3,0.28/0.28/0.26,0.25/0.26/0.255,0.030000000000000027/0.020000000000000018/0.0050000000000000044,0.01833333333333335,-0.02,0.056666666666666664,0.0177951304200522,True
H1_rft,rft_mixed,rft_easy,ood_hard_200,"lower bound of Δ: B's truncated completions all right, A's all wrong",200,1/2/3,0.28/0.28/0.26,0.39/0.355/0.335,-0.10999999999999999/-0.07499999999999996/-0.07500000000000001,-0.08666666666666666,-0.135,-0.04,0.04262237284181475,True
H1_rft,rft_mixed,rft_easy,ood_hard_200,"upper bound of Δ: A's truncated completions all right, B's all wrong",200,1/2/3,0.4/0.39/0.395,0.25/0.26/0.255,0.15000000000000002/0.13/0.14,0.14,0.08833333333333332,0.19166666666666668,0.010000000000000009,True
H1_rft,rft_mixed,rft_easy,ood_hard_200,both arms' truncated completions all right,200,1/2/3,0.4/0.39/0.395,0.39/0.355/0.335,0.010000000000000009/0.03500000000000003/0.06,0.03500000000000001,-0.011666666666666665,0.08166666666666668,0.04,False
H1_grpo,grpo_mixed,grpo_easy,test_300,observed: every truncated completion wrong (the primary tables),300,1/2/3,0.7866666666666666/0.7933333333333333/0.7833333333333333,0.7766666666666666/0.7/0.7533333333333333,0.010000000000000009/0.09333333333333338/0.030000000000000027,0.044444444444444474,0.011111111111111108,0.0788888888888889,0.05604231205741552,False
H1_grpo,grpo_mixed,grpo_easy,test_300,"lower bound of Δ: B's truncated completions all right, A's all wrong",300,1/2/3,0.7866666666666666/0.7933333333333333/0.7833333333333333,0.82/0.7333333333333333/0.7666666666666667,-0.033333333333333326/0.06000000000000005/0.016666666666666607,0.014444444444444446,-0.022222222222222223,0.05222222222222222,0.062242060329604075,False
H1_grpo,grpo_mixed,grpo_easy,test_300,"upper bound of Δ: A's truncated completions all right, B's all wrong",300,1/2/3,0.8533333333333334/0.8966666666666666/0.8733333333333333,0.7766666666666666/0.7/0.7533333333333333,0.07666666666666677/0.19666666666666666/0.12,0.13111111111111115,0.09777777777777778,0.16555555555555554,0.06347936380926975,True
H1_grpo,grpo_mixed,grpo_easy,test_300,both arms' truncated completions all right,300,1/2/3,0.8533333333333334/0.8966666666666666/0.8733333333333333,0.82/0.7333333333333333/0.7666666666666667,0.03333333333333344/0.16333333333333333/0.10666666666666658,0.10111111111111111,0.06888888888888889,0.13333333333333333,0.06901422290342012,True
H1_grpo,grpo_mixed,grpo_easy,ood_hard_200,observed: every truncated completion wrong (the primary tables),200,1/2/3,0.295/0.295/0.335,0.345/0.305/0.365,-0.04999999999999999/-0.010000000000000009/-0.02999999999999997,-0.02999999999999999,-0.07333333333333333,0.011666666666666672,0.05416025603090641,False
H1_grpo,grpo_mixed,grpo_easy,ood_hard_200,"lower bound of Δ: B's truncated completions all right, A's all wrong",200,1/2/3,0.295/0.295/0.335,0.725/0.515/0.56,-0.43/-0.22000000000000003/-0.22500000000000003,-0.2916666666666667,-0.3516666666666666,-0.23166666666666663,0.15973937106006977,True
H1_grpo,grpo_mixed,grpo_easy,ood_hard_200,"upper bound of Δ: A's truncated completions all right, B's all wrong",200,1/2/3,0.76/0.84/0.75,0.345/0.305/0.365,0.41500000000000004/0.5349999999999999/0.385,0.445,0.3883333333333334,0.5,0.08205689083394112,True
H1_grpo,grpo_mixed,grpo_easy,ood_hard_200,both arms' truncated completions all right,200,1/2/3,0.76/0.84/0.75,0.725/0.515/0.56,0.03500000000000003/0.32499999999999996/0.18999999999999995,0.18333333333333332,0.13833333333333334,0.22833333333333336,0.17122110461817097,True
H2_num,rft_curated,rft_mixed,test_300,observed: every truncated completion wrong (the primary tables),300,1/2/3,0.6733333333333333/0.6566666666666666/0.6766666666666666,0.7066666666666667/0.6866666666666666/0.6933333333333334,-0.033333333333333326/-0.030000000000000027/-0.01666666666666672,-0.02666666666666669,-0.052222222222222225,0.0,0.02090543080247422,True
H2_num,rft_curated,rft_mixed,test_300,"lower bound of Δ: B's truncated completions all right, A's all wrong",300,1/2/3,0.6733333333333333/0.6566666666666666/0.6766666666666666,0.7333333333333333/0.7033333333333334/0.71,-0.05999999999999994/-0.046666666666666745/-0.033333333333333326,-0.04666666666666667,-0.07555555555555554,-0.018888888888888886,0.026943012562182508,True
H2_num,rft_curated,rft_mixed,test_300,"upper bound of Δ: A's truncated completions all right, B's all wrong",300,1/2/3,0.7/0.69/0.71,0.7066666666666667/0.6866666666666666/0.6933333333333334,-0.00666666666666671/0.0033333333333332993/0.016666666666666607,0.004444444444444399,-0.02222222222222222,0.03222222222222222,0.020184335693983292,False
H2_num,rft_curated,rft_mixed,test_300,both arms' truncated completions all right,300,1/2/3,0.7/0.69/0.71,0.7333333333333333/0.7033333333333334/0.71,-0.033333333333333326/-0.01333333333333342/0.0,-0.015555555555555581,-0.041111111111111105,0.01111111111111111,0.026387426860084225,False
H2_num,rft_curated,rft_mixed,ood_hard_200,observed: every truncated completion wrong (the primary tables),200,1/2/3,0.3/0.29/0.265,0.28/0.28/0.26,0.019999999999999962/0.009999999999999953/0.0050000000000000044,0.01166666666666664,-0.02500000000000001,0.05333333333333333,0.030276503540974907,False
H2_num,rft_curated,rft_mixed,ood_hard_200,"lower bound of Δ: B's truncated completions all right, A's all wrong",200,1/2/3,0.3/0.29/0.265,0.4/0.39/0.395,-0.10000000000000003/-0.10000000000000003/-0.13,-0.11000000000000003,-0.16170833333333334,-0.056666666666666664,0.026457513110645887,True
H2_num,rft_curated,rft_mixed,ood_hard_200,"upper bound of Δ: A's truncated completions all right, B's all wrong",200,1/2/3,0.44/0.445/0.415,0.28/0.28/0.26,0.15999999999999998/0.16499999999999998/0.15499999999999997,0.15999999999999998,0.11166666666666666,0.21,0.027988092706244465,True
H2_num,rft_curated,rft_mixed,ood_hard_200,both arms' truncated completions all right,200,1/2/3,0.44/0.445/0.415,0.4/0.39/0.395,0.03999999999999998/0.05499999999999999/0.019999999999999962,0.03833333333333331,-0.005000000000000001,0.085,0.02380476142847619,True
H2_den,grpo_curated,rft_mixed,test_300,observed: every truncated completion wrong (the primary tables),300,1/2/3,0.7933333333333333/0.76/0.78,0.7066666666666667/0.6866666666666666/0.6933333333333334,0.08666666666666667/0.07333333333333336/0.08666666666666667,0.08222222222222224,0.04,0.12555555555555556,0.02775554665954844,True
H2_den,grpo_curated,rft_mixed,test_300,"lower bound of Δ: B's truncated completions all right, A's all wrong",300,1/2/3,0.7933333333333333/0.76/0.78,0.7333333333333333/0.7033333333333334/0.71,0.06000000000000005/0.05666666666666664/0.07000000000000006,0.062222222222222255,0.018888888888888886,0.10666666666666667,0.032546263368615096,True
H2_den,grpo_curated,rft_mixed,test_300,"upper bound of Δ: A's truncated completions all right, B's all wrong",300,1/2/3,0.8466666666666667/0.8533333333333334/0.86,0.7066666666666667/0.6866666666666666/0.6933333333333334,0.14/0.16666666666666674/0.16666666666666663,0.1577777777777778,0.11777777777777779,0.19777777777777777,0.017213259316477405,True
H2_den,grpo_curated,rft_mixed,test_300,both arms' truncated completions all right,300,1/2/3,0.8466666666666667/0.8533333333333334/0.86,0.7333333333333333/0.7033333333333334/0.71,0.1133333333333334/0.15000000000000002/0.15000000000000002,0.1377777777777778,0.09888888888888889,0.17666666666666667,0.024190601174530216,True
H2_den,grpo_curated,rft_mixed,ood_hard_200,observed: every truncated completion wrong (the primary tables),200,1/2/3,0.36/0.29/0.295,0.28/0.28/0.26,0.07999999999999996/0.009999999999999953/0.034999999999999976,0.04166666666666663,-0.011666666666666665,0.09499999999999999,0.057590508477236665,False
H2_den,grpo_curated,rft_mixed,ood_hard_200,"lower bound of Δ: B's truncated completions all right, A's all wrong",200,1/2/3,0.36/0.29/0.295,0.4/0.39/0.395,-0.040000000000000036/-0.10000000000000003/-0.10000000000000003,-0.08000000000000003,-0.14333333333333337,-0.018333333333333326,0.05567764362830022,True
H2_den,grpo_curated,rft_mixed,ood_hard_200,"upper bound of Δ: A's truncated completions all right, B's all wrong",200,1/2/3,0.555/0.74/0.695,0.28/0.28/0.26,0.275/0.45999999999999996/0.43499999999999994,0.38999999999999996,0.33833333333333326,0.4433333333333333,0.1374166413988252,True
H2_den,grpo_curated,rft_mixed,ood_hard_200,both arms' truncated completions all right,200,1/2/3,0.555/0.74/0.695,0.4/0.39/0.395,0.15500000000000003/0.35/0.29999999999999993,0.2683333333333333,0.21333333333333332,0.325,0.1366260102127946,True
H3,grpo_curated,rft_curated,test_300,observed: every truncated completion wrong (the primary tables),300,1/2/3,0.7933333333333333/0.76/0.78,0.6733333333333333/0.6566666666666666/0.6766666666666666,0.12/0.10333333333333339/0.10333333333333339,0.10888888888888892,0.06666666666666665,0.15111111111111108,0.02815302102071096,True
H3,grpo_curated,rft_curated,test_300,"lower bound of Δ: B's truncated completions all right, A's all wrong",300,1/2/3,0.7933333333333333/0.76/0.78,0.7/0.69/0.71,0.09333333333333338/0.07000000000000006/0.07000000000000006,0.07777777777777783,0.03333333333333333,0.12222222222222222,0.02762178421034679,True
H3,grpo_curated,rft_curated,test_300,"upper bound of Δ: A's truncated completions all right, B's all wrong",300,1/2/3,0.8466666666666667/0.8533333333333334/0.86,0.6733333333333333/0.6566666666666666/0.6766666666666666,0.17333333333333334/0.19666666666666677/0.18333333333333335,0.1844444444444445,0.14333333333333334,0.22555555555555554,0.0178470871157878,True
H3,grpo_curated,rft_curated,test_300,both arms' truncated completions all right,300,1/2/3,0.8466666666666667/0.8533333333333334/0.86,0.7/0.69/0.71,0.14666666666666672/0.16333333333333344/0.15000000000000002,0.1533333333333334,0.11333333333333333,0.19333333333333333,0.01699673171197595,True
H3,grpo_curated,rft_curated,ood_hard_200,observed: every truncated completion wrong (the primary tables),200,1/2/3,0.36/0.29/0.295,0.3/0.29/0.265,0.06/0.0/0.02999999999999997,0.02999999999999999,-0.02500000000000001,0.08504166666666607,0.06082762530298219,False
H3,grpo_curated,rft_curated,ood_hard_200,"lower bound of Δ: B's truncated completions all right, A's all wrong",200,1/2/3,0.36/0.29/0.295,0.44/0.445/0.415,-0.08000000000000002/-0.15500000000000003/-0.12,-0.11833333333333335,-0.18666666666666668,-0.05166666666666666,0.0597215762238964,True
H3,grpo_curated,rft_curated,ood_hard_200,"upper bound of Δ: A's truncated completions all right, B's all wrong",200,1/2/3,0.555/0.74/0.695,0.3/0.29/0.265,0.25500000000000006/0.45/0.42999999999999994,0.37833333333333335,0.32166666666666666,0.43333333333333335,0.13880441875771338,True
H3,grpo_curated,rft_curated,ood_hard_200,both arms' truncated completions all right,200,1/2/3,0.555/0.74/0.695,0.44/0.445/0.415,0.11500000000000005/0.295/0.27999999999999997,0.22999999999999998,0.17,0.28833333333333333,0.1383232928083095,True
S1_iter_vs_rft,iter_rft_curated,rft_curated,test_300,observed: every truncated completion wrong (the primary tables),300,1/2/3,0.6966666666666667/0.7/0.7066666666666667,0.6733333333333333/0.6566666666666666/0.6766666666666666,0.023333333333333317/0.043333333333333335/0.030000000000000027,0.03222222222222223,0.002222222222222218,0.062222222222222213,0.01677740985615725,True
S1_iter_vs_rft,iter_rft_curated,rft_curated,test_300,"lower bound of Δ: B's truncated completions all right, A's all wrong",300,1/2/3,0.6966666666666667/0.7/0.7066666666666667,0.7/0.69/0.71,-0.0033333333333332993/0.010000000000000009/-0.0033333333333332993,0.0011111111111111367,-0.03,0.03222222222222222,0.01586984095231746,False
S1_iter_vs_rft,iter_rft_curated,rft_curated,test_300,"upper bound of Δ: A's truncated completions all right, B's all wrong",300,1/2/3,0.71/0.7166666666666667/0.7233333333333334,0.6733333333333333/0.6566666666666666/0.6766666666666666,0.036666666666666625/0.06000000000000005/0.046666666666666745,0.04777777777777781,0.015555555555555553,0.0788888888888889,0.017847087115787842,True
S1_iter_vs_rft,iter_rft_curated,rft_curated,test_300,both arms' truncated completions all right,300,1/2/3,0.71/0.7166666666666667/0.7233333333333334,0.7/0.69/0.71,0.010000000000000009/0.026666666666666727/0.01333333333333342,0.01666666666666672,-0.013333333333333336,0.04666666666666667,0.016996731711975993,False
S1_iter_vs_rft,iter_rft_curated,rft_curated,ood_hard_200,observed: every truncated completion wrong (the primary tables),200,1/2/3,0.28/0.27/0.315,0.3/0.29/0.265,-0.019999999999999962/-0.019999999999999962/0.04999999999999999,0.003333333333333355,-0.035,0.03833333333333333,0.04203173404306161,False
S1_iter_vs_rft,iter_rft_curated,rft_curated,ood_hard_200,"lower bound of Δ: B's truncated completions all right, A's all wrong",200,1/2/3,0.28/0.27/0.315,0.44/0.445/0.415,-0.15999999999999998/-0.175/-0.09999999999999998,-0.145,-0.19666666666666668,-0.095,0.0404145188432738,True
S1_iter_vs_rft,iter_rft_curated,rft_curated,ood_hard_200,"upper bound of Δ: A's truncated completions all right, B's all wrong",200,1/2/3,0.425/0.43/0.46,0.3/0.29/0.265,0.125/0.14/0.195,0.15333333333333335,0.10499999999999998,0.20170833333333274,0.03696845502136473,True
S1_iter_vs_rft,iter_rft_curated,rft_curated,ood_hard_200,both arms' truncated completions all right,200,1/2/3,0.425/0.43/0.46,0.44/0.445/0.415,-0.015000000000000013/-0.015000000000000013/0.04500000000000004,0.0050000000000000044,-0.045,0.05333333333333333,0.03511884584284249,False
S2_grpo_vs_iter,grpo_curated,iter_rft_curated,test_300,observed: every truncated completion wrong (the primary tables),300,1/2/3,0.7933333333333333/0.76/0.78,0.6966666666666667/0.7/0.7066666666666667,0.09666666666666668/0.06000000000000005/0.07333333333333336,0.0766666666666667,0.03666666666666667,0.11669444444444405,0.02479545956046822,True
S2_grpo_vs_iter,grpo_curated,iter_rft_curated,test_300,"lower bound of Δ: B's truncated completions all right, A's all wrong",300,1/2/3,0.7933333333333333/0.76/0.78,0.71/0.7166666666666667/0.7233333333333334,0.08333333333333337/0.043333333333333335/0.05666666666666664,0.061111111111111116,0.021111111111111112,0.10222222222222221,0.025531389540169036,True
S2_grpo_vs_iter,grpo_curated,iter_rft_curated,test_300,"upper bound of Δ: A's truncated completions all right, B's all wrong",300,1/2/3,0.8466666666666667/0.8533333333333334/0.86,0.6966666666666667/0.7/0.7066666666666667,0.15000000000000002/0.15333333333333343/0.15333333333333332,0.15222222222222226,0.11555555555555555,0.1888888888888889,0.011863420280034785,True
S2_grpo_vs_iter,grpo_curated,iter_rft_curated,test_300,both arms' truncated completions all right,300,1/2/3,0.8466666666666667/0.8533333333333334/0.86,0.71/0.7166666666666667/0.7233333333333334,0.13666666666666671/0.13666666666666671/0.1366666666666666,0.1366666666666667,0.1,0.17222222222222225,0.013333333333333364,True
S2_grpo_vs_iter,grpo_curated,iter_rft_curated,ood_hard_200,observed: every truncated completion wrong (the primary tables),200,1/2/3,0.36/0.29/0.295,0.28/0.27/0.315,0.07999999999999996/0.019999999999999962/-0.020000000000000018,0.026666666666666634,-0.02166666666666667,0.07333333333333333,0.06454972243679027,False
S2_grpo_vs_iter,grpo_curated,iter_rft_curated,ood_hard_200,"lower bound of Δ: B's truncated completions all right, A's all wrong",200,1/2/3,0.36/0.29/0.295,0.425/0.43/0.46,-0.065/-0.14/-0.16500000000000004,-0.12333333333333335,-0.18333333333333332,-0.065,0.061373175465073246,True
S2_grpo_vs_iter,grpo_curated,iter_rft_curated,ood_hard_200,"upper bound of Δ: A's truncated completions all right, B's all wrong",200,1/2/3,0.555/0.74/0.695,0.28/0.27/0.315,0.275/0.47/0.37999999999999995,0.375,0.32333333333333336,0.4266666666666667,0.1404753833713698,True
S2_grpo_vs_iter,grpo_curated,iter_rft_curated,ood_hard_200,both arms' truncated completions all right,200,1/2/3,0.555/0.74/0.695,0.425/0.43/0.46,0.13000000000000006/0.31/0.23499999999999993,0.225,0.175,0.275,0.13904435743076135,True
