who,label,seed,data_condition,prompts,prompts_in_split,completions_available,completions_consumed,training_tokens,optimizer_steps,learning_rate,epochs,gpu_hours_train,gpu_hours_eval_final,config_hash,git_sha
rft_easy/seed1,RFT-Easy,1,train_easy_100,100,100,19200,13834,47237096,6920,5e-05,8,7.106703,0.460779,d0fda31018562cc6b4552d7943b1840c9ce7e8edc8ef2be592b2443c52485efa,b877fe3
rft_easy/seed2,RFT-Easy,2,train_easy_100,100,100,19200,13834,47237096,6920,5e-05,8,7.121679,0.4708009999999999,08f3b3927d88a9f9a94cc71fb91b0988e28e45f8338eef8337e70476237b064e,59d65a0
rft_easy/seed3,RFT-Easy,3,train_easy_100,100,100,19200,13834,47237096,6920,5e-05,8,7.050366,0.46895600000000004,443de42ef2c7633e3fabfef18f3cc43b72634c163b4572ad7620efa7363ad4e8,59d65a0
rft_mixed/seed1,RFT-Mixed,1,train_mixed_100,95,100,19200,7961,15852320,1992,5e-05,4,2.338342,0.510417,9d36b737d93f1eb0a2930bc24176435aacd49e996e716a0579a3f96c60bbf589,b877fe3
rft_mixed/seed2,RFT-Mixed,2,train_mixed_100,95,100,19200,7961,15852320,1992,5e-05,4,2.327543,0.49887399999999993,79b8a9478cf1575f800d2f0b06406b0bb29e430e36659e84037b24f2ce6d0fb6,f5c79dd
rft_mixed/seed3,RFT-Mixed,3,train_mixed_100,95,100,19200,7961,15852320,1992,5e-05,4,2.305543,0.514121,fb1e463a1027957deef877f37640ac3eaa561f0a390e9f923269cb7bddf19f5c,59d65a0
rft_curated/seed1,RFT-Curated,1,train_curated,73,100,19200,6653,13377076,1664,1e-05,4,1.953271,0.49329599999999996,441fa2623cece00c1e776f4feae8893a18e40928801b9708a14bd31a885fdb41,b877fe3
rft_curated/seed2,RFT-Curated,2,train_curated,73,100,19200,6653,13377076,1664,1e-05,4,1.963484,0.503024,42312e16991ed9e377e3a921a911b4c794c2f1b4b10c79fa161b981c4d256a2a,59d65a0
rft_curated/seed3,RFT-Curated,3,train_curated,73,100,19200,6653,13377076,1664,1e-05,4,1.947915,0.528896,3e46440651fb397f5221cb5ee6116c8e676c2f52d51d46bd2b33bace8d505494,59d65a0
grpo_easy/seed1,GRPO-Easy,1,train_easy_100,100,100,19200,19200,13942821,300,,,5.796165,1.1242750000000001,9601e0f7f5ea14669b8045e7a9a9d5f3c3e9e86bff8c2af06541759b1bb37013,a794085
grpo_easy/seed2,GRPO-Easy,2,train_easy_100,100,100,19200,19200,11218987,300,,,4.656808,0.715162,e654797ea60770e6b687eb3c32d93553789c8065dbcad739b23f749c38a06a28,63d966d
grpo_easy/seed3,GRPO-Easy,3,train_easy_100,100,100,19200,19200,12041484,300,,,5.048955,0.827827,87e14b5f33ed2e416ebb9b564063e337970449d91d60830350ae8101f018c00d,fbd6446
grpo_mixed/seed1,GRPO-Mixed,1,train_mixed_100,100,100,19200,19200,19282312,300,,,8.167017,1.330984,0b32e0bbbc9a62c8ace46cd163f483bf5f411b26ce5ab7c616c8cff2a149ab89,928825d
grpo_mixed/seed2,GRPO-Mixed,2,train_mixed_100,100,100,19200,19200,24681340,300,,,9.535293,1.705422,d9b08f9faeaa219ad7868a2c4c4ce78c2add5ef7ffe66eb37d19fe25ad156175,c945b7b
grpo_mixed/seed3,GRPO-Mixed,3,train_mixed_100,100,100,19200,19200,25019069,300,,,9.343944,1.629554,73097c93e1bb54c3e234543911e151fd66c10d0f3c17ed6f8c429699fb9c6197,7f0726a
grpo_curated/seed1,GRPO-Curated,1,train_curated,73,73,19200,19200,17444246,300,,,7.227313,1.025602,ac6693350cf0c1b5ddeebf93cb0e8ad645480b83d5909e2ec41cff57f13d567e,dc959d3
grpo_curated/seed2,GRPO-Curated,2,train_curated,73,73,19200,19200,24076892,300,,,9.320489,1.6773049999999998,cdf988d0d18cbeda1b045995e843145fc0c789df34bfce6bd1e8c4ccdff5b213,a5079bc
grpo_curated/seed3,GRPO-Curated,3,train_curated,73,73,19200,19200,20377871,300,,,8.499802,1.361547,7820651e8cb57e1434db89fb015b03d5a164eacac97710eb6b59343f843d9085,b0b5f64
iter_rft_curated/seed1,IterRFT-Curated,1,train_curated,73,73,14016,7803,16463408,1956,1e-05,4,2.611561,0.519331,c53a1af99370cbeb717b899572c10bc3f0122416ce17c2815e2210ba02f26952,4d97b07
iter_rft_curated/seed2,IterRFT-Curated,2,train_curated,73,73,14016,7855,16774072,1972,1e-05,4,2.656458,0.547197,1106568e15a13e7b0c279831aa457cdd8a3a206a9fa3b64526d50d2054175c33,4d97b07
iter_rft_curated/seed3,IterRFT-Curated,3,train_curated,73,73,14016,7827,16949904,1960,1e-05,4,2.71622,0.560608,d16506f650b3a3de16c979f17e1adc87363d4852de29c021d93a2519e694ec10,4d97b07
c1_random_reward/seed1,C1 random reward,1,train_mixed_100,100,100,19200,19200,9268987,300,,,5.846305,0.425604,630d7883bff7530142190f6ebad3f897c282074ceba063af468acb010f444f09,f60c59b
c2_format_only/seed1,C2 format only,1,train_mixed_100,100,100,19200,19200,10844177,300,,,5.0054,0.44637899999999997,a991d6036f1550cbad2a5453ca337384f54d38504f24d63ccf73db769391ea0a,668ddd1
